來源網站,來源網站
Ptt > Gossiping,5760
Ptt > nCoV2019,1583
Ptt > HatePolitics,1138
捷克論壇 > 新聞版,587
卡提諾王國 > 時事,549
校園聊天-Dcard > 武漢肺炎,501
Ptt > Stock,409
校園聊天-Dcard > 時事,371
Ptt > IA,301
Facebook粉絲團 > 民視新聞,234
Instagram > Instagram關鍵字搜尋,215
卡提諾王國 > 政治,205
Facebook粉絲團 > 台視新聞台,171
校園聊天-Dcard > 旅遊,158
Facebook粉絲團 > 自由時報,157
Ptt > Aviation,149
Facebook粉絲團 > 中時新聞網,135
校園聊天-Dcard > 心情,135
Ptt > Japan_Travel,132
Ptt > BaseballNEWS,131
Facebook粉絲團 > 東森新聞,126
捷克論壇 > 理財版 ,118
Facebook粉絲團 > NOWnews 今日新聞,114
Facebook粉絲團 > 經濟日報,109
Facebook粉絲團 > 三立新聞,108
Instagram > 台灣蘋果日報,107
Facebook粉絲團 > 蘋果即時新聞,100
Ptt > AllTogether,98
Ptt > CrossStrait,96
Ptt > Tainan,95
Facebook粉絲團 > Rti 中央廣播電臺,92
Facebook粉絲團 > 工商時報,90
Facebook粉絲團 > 公視新聞網 PNN,85
Facebook粉絲團 > TVBS 新聞,84
伊莉討論區 > 時事討論(時事經濟),81
Facebook粉絲團 > udn.com 聯合新聞網,80
Ptt > WomenTalk,80
Facebook粉絲團 > 東森財經,78
Facebook粉絲團 > 華視新聞,78
Facebook公開社團 > 《藍天行動聯盟》,74
Facebook粉絲團 > 景點家,72
Facebook粉絲團 > 聯合報,72
Facebook粉絲團 > 公民聯盟,69
Facebook粉絲團 > 鏡週刊,68
Facebook粉絲團 > ETtoday旅遊雲,66
卡提諾王國 > 奇人軼事,61
Facebook粉絲團 > Yahoo!奇摩新聞,60
Facebook公開社團 > 台灣第一位女總統！小英粉絲團,59
Facebook粉絲團 > udn走跳世界,57
Facebook粉絲團 > 快點TV,56
卡提諾王國 > 追星,55
Ptt > Korea_Travel,54
Facebook粉絲團 > 上報,51
Facebook粉絲團 > 中央社新聞粉絲團,50
Ptt > Kaohsiung,50
Ptt > travel,50
Ptt > TaichungBun,49
Ptt > Wanted,49
Ptt > Baseball,48
Facebook粉絲團 > 蘋果新聞網,47
Facebook粉絲團 > ETtoday健康雲,46
Facebook粉絲團 > Newtalk新聞,46
Ptt > Tech_Job,46
Facebook粉絲團 > TVBS 少康戰情室,45
校園聊天-Dcard > 感情,44
Ptt > Marginalman,43
Facebook粉絲團 > 民報,41
卡提諾王國 > 閒聊,41
Facebook粉絲團 > The News Lens 關鍵評論網,40
Ptt > EuropeTravel,40
Ptt > HelpBuy,40
Ptt > Salary,40
Facebook粉絲團 > 101 機票旅館促銷情報,39
Facebook粉絲團 > 衛生福利部,39
Facebook粉絲團 > PassionTimes 熱血時報,37
Facebook粉絲團 > 今周刊,37
Ptt > Thailand,36
Facebook粉絲團 > 放言 Fount Media,35
Facebook粉絲團 > 風傳媒,35
Facebook粉絲團 > 玩咖,34
Ptt > Diary,34
Facebook粉絲團 > Yahoo奇摩旅遊,33
校園聊天-Dcard > 廢文,33
Ptt > Hate,32
校園聊天-Dcard > 閒聊,31
Ptt > PingTung,30
Facebook粉絲團 > ETtoday新聞雲,28
Facebook粉絲團 > 靠北旅遊業,28
Facebook粉絲團 > 請民進黨還給中華民國一個公平正義,27
Facebook粉絲團 > 光明日報 Guang Ming Daily,25
Facebook粉絲團 > 香港01,25
Ptt > C_Chat,25
Ptt > home-sale,25
Facebook公開社團 > 朴子民意觀察站,24
Ptt > BabyMother,24
Ptt > ChangHua,24
Facebook公開社團 > 自助旅行背包客旅遊部落格分享,23
Ptt > Hotel,23
Facebook粉絲團 > 疾病管制署 - 1922防疫達人,22
Facebook粉絲團 > 聯合大社會,22
Ptt > WorkinChina,22
Facebook公開社團 > 澎湖大聯盟,21
Facebook粉絲團 > Stand News 立場新聞,21
Facebook粉絲團 > 巨報,21
Facebook粉絲團 > 新新聞周刊,21
Facebook粉絲團 > 韓國瑜,21
Facebook關鍵意見領袖 > Tunkan Tansikian,21
Facebook粉絲團 > CNEWS 匯流新聞網,20
Facebook粉絲團 > DailyView 網路溫度計,20
Ptt > Badminton,20
Ptt > Railway,20
Facebook公開社團 > 日台交流?場（台??日本）,19
Facebook公開社團 > 自助環遊世界中毒者,19
Facebook粉絲團 > 中天新聞52家族,19
Facebook粉絲團 > 大紀元時報 - 台灣(The Epoch Times - Taiwan),19
Facebook粉絲團 > 新聞龍捲風,19
Ptt > Cruise,19
Ptt > MACAU,19
Ptt > Vietnam,19
Ptt > sex,19
Facebook公開社團 > 台北市長~姚文智~網路後援會,18
Facebook粉絲團 > 一百五,18
Facebook粉絲團 > 信傳媒,18
Ptt > Ind-travel,18
Ptt > Tour-Agency,18
校園聊天-Dcard > 工作,18
Facebook公開社團 > PTT世界自助旅行版(Ind-Travel),17
Facebook粉絲團 > 噓！星聞,17
Facebook粉絲團 > 壹電視 Next TV,17
Facebook粉絲團 > 新唐人亞太電視台,17
校園聊天-Dcard > 留學,17
Facebook粉絲團 > Dcard,16
Ptt > medstudent,16
Facebook公開社團 > 台灣公民爆料公社,15
Facebook公開社團 > 敦促賴清德建立優良傳統臺灣國,15
Facebook粉絲團 > ETtoday分享雲,15
Facebook粉絲團 > 中視新聞,15
Facebook粉絲團 > 即新聞,15
Facebook粉絲團 > 大紀元 epochtimes.com,15
Facebook粉絲團 > 好房網News,15
Facebook粉絲團 > 彰化房市通,15
Facebook粉絲團 > 沃草 Watchout,15
Facebook粉絲團 > 關鍵時刻,15
Ptt > KoreaStar,15
Ptt > PublicServan,15
校園聊天-Dcard > 彩虹,15
Facebook粉絲團 > 年代新聞,14
Facebook粉絲團 > 肯腦濕的人生相談室,14
Ptt > Insurance,14
Facebook公開社團 > 台東大小事(109年),13
Facebook公開社團 > 大台南新聞論壇,13
Facebook粉絲團 > MedPartner 美的好朋友,13
Facebook粉絲團 > 南島觀史-福爾摩沙 Formosa,13
Facebook粉絲團 > 小薰的家,13
Facebook粉絲團 > 小郵票•大世界 Stamps of the World,13
Facebook粉絲團 > 新北旅客,13
Facebook粉絲團 > 欣攝影xin Photo,13
Facebook粉絲團 > 美麗島電子報,13
Ptt > GossipPicket,13
Ptt > Hsinchu,13
Ptt > Hualien,13
Ptt > MRT,13
Ptt > MobileComm,13
Ptt > Points,13
Ptt > basketballTW,13
Facebook粉絲團 > Ing.TV（蔡英文）,12
Facebook粉絲團 > niusnews 妞新聞,12
Facebook粉絲團 > 只是堵藍,12
Facebook粉絲團 > 廉價機票福利社,12
Facebook粉絲團 > 手機GoGo,12
Facebook粉絲團 > 時尚科技客,12
Ptt > Food,12
Ptt > NTU,12
Ptt > ShuangHe,12
伊莉討論區 > 吹水聊天,12
Facebook公開社團 > 埔里人通通+進來,11
Facebook公開社團 > 陳其邁立委 後援會,11
Facebook粉絲團 > Icu醫生陳志金,11
Facebook粉絲團 > T客邦的臉書基地,11
Facebook粉絲團 > Yahoo奇摩股市理財,11
Facebook粉絲團 > 壹週刊寶庫,11
Facebook粉絲團 > 微博台灣,11
Facebook粉絲團 > 旅行臺灣－交通部觀光局,11
Facebook粉絲團 > 早安健康,11
Facebook粉絲團 > 非凡電視台,11
Facebook粉絲團 > 靠北護理師,11
Ptt > Militarylife,11
Ptt > Nantou,11
Ptt > Tai-travel,11
Ptt > lesbian,11
Ptt > movie,11
伊莉討論區 > 明星新聞追(影視娛樂),11
校園聊天-Dcard > 有趣,11
Facebook公開社團 > 爆吱戰堂,10
Facebook公開社團 > 花壇人俱樂部,10
Facebook粉絲團 > CTWant,10
Facebook粉絲團 > 南天地方新聞,10
Facebook粉絲團 > 小斯,10
Ptt > Aussiekiwi,10
Ptt > Chiayi,10
Ptt > Philippines,10
Ptt > Taoyuan,10
Facebook粉絲團 > Taiwan 我來了,9
Facebook粉絲團 > 三立iNEWS,9
Facebook粉絲團 > 南台灣。旅行趣,9
Facebook粉絲團 > 娛樂蘋果派,9
Facebook粉絲團 > 我是中壢人,9
Facebook粉絲團 > 明報即時新聞,9
Facebook粉絲團 > 移民署粉絲團 - NIA,9
Facebook粉絲團 > 自由時報評論網,9
Facebook粉絲團 > 蘇貞昌,9
Ptt > Football,9
Ptt > I-Lan,9
Ptt > Keelung,9
Ptt > Tennis,9
Ptt > cookclub,9
Ptt > graduate,9
Ptt > isLandTravel,9
校園聊天-Dcard > 美妝,9
Facebook公開社團 > 中華民國後援會,8
Facebook公開社團 > 嘉義綠豆大小事,8
Facebook公開社團 > 我愛大甲 2,8
Facebook公開社團 > 村長 全國粉絲團2,8
Facebook粉絲團 > GQ Taiwan,8
Facebook粉絲團 > MSN 新聞,8
Facebook粉絲團 > 中時娛樂,8
Facebook粉絲團 > 健康2.0,8
Facebook粉絲團 > 元氣網,8
Facebook粉絲團 > 商業周刊（商周.com）,8
Facebook粉絲團 > 大陸委員會,8
Facebook粉絲團 > 天下雜誌,8
Facebook粉絲團 > 康健雜誌,8
Facebook粉絲團 > 彰化人彰化事,8
Facebook粉絲團 > 日本人?日本旅遊指南,8
Facebook粉絲團 > 林佳龍,8
Facebook粉絲團 > 生活市集,8
Facebook粉絲團 > 鄉民晚報,8
Facebook粉絲團 > 風生活,8
Instagram > ETtoday新聞雲,8
Ptt > Bus,8
Ptt > NBA,8
Ptt > Soft_Job,8
伊莉討論區 > 外幣投資(時事經濟),8
卡提諾王國 > 靠北,8
Facebook公眾訊息 > FbHashtag,7
Facebook公開社團 > 彭文正李晶玉 轉型正義聯盟 臺灣成真,7
Facebook公開社團 > 韓國瑜穿雲鐵柱後援會,7
Facebook粉絲團 > BuzzOrange 報橘,7
Facebook粉絲團 > Yahoo奇摩購物中心,7
Facebook粉絲團 > 中華民國消費者文教基金會,7
Facebook粉絲團 > 人間衛視,7
Facebook粉絲團 > 反對「廢除死刑」粉絲團,7
Facebook粉絲團 > 工作求職賺錢資訊網,7
Facebook粉絲團 > 我是台灣人．台灣是咱的國家,7
Facebook粉絲團 > 我是蘆洲人,7
Facebook粉絲團 > 新聞時事與熱門話題,7
Facebook粉絲團 > 日本自助旅遊中毒者,7
Facebook粉絲團 > 東網台灣,7
Facebook粉絲團 > 游淑慧 港湖加游,7
Facebook粉絲團 > 獨立特派員,7
Facebook粉絲團 > 王定宇,7
Facebook粉絲團 > 華人健康網,7
Ptt > BigSanchung,7
Ptt > FAPL,7
Ptt > Road_Running,7
Ptt > Teacher,7
校園聊天-Dcard > 女孩,7
校園聊天-Dcard > 星座,7
Facebook公開社團 > 全台旅遊/景點/美食/3C產品/美妝都歡迎來加入,6
Facebook公開社團 > 台南爆料公社,6
Facebook粉絲團 > 7號列車【Purple Trains】,6
Facebook粉絲團 > A Nan MOSTA  阿男醫師?磨思塔,6
Facebook粉絲團 > Just.崩潰.ME - 台日航線廉價航空 LCC 歷史票價查詢網,6
Facebook粉絲團 > Miss.2340,6
Facebook粉絲團 > PTT Gossiping 批踢踢八卦板,6
Facebook粉絲團 > Tnn滔新聞,6
Facebook粉絲團 > UCF 華美航運,6
Facebook粉絲團 > ifans 愛瘋生活,6
Facebook粉絲團 > 卡優新聞網,6
Facebook粉絲團 > 大玩台中-臺中觀光旅遊局,6
Facebook粉絲團 > 抓到了！這梗很綠,6
Facebook粉絲團 > 政變後的寧靜夏午,6
Facebook粉絲團 > 旅遊資訊粉絲團 Traveling,6
Facebook粉絲團 > 東北角之友,6
Facebook粉絲團 > 東南旅遊,6
Facebook粉絲團 > 舒翠玲,6
Facebook粉絲團 > 良醫健康網,6
Facebook粉絲團 > 那一年我們在曼谷 - 曼谷幫,6
Facebook粉絲團 > 鄉民八卦版,6
Facebook粉絲團 > 鄉民實業坊,6
Facebook粉絲團 > 鐵道新世界購物網,6
Facebook粉絲團 > 音樂政治上班族,6
Facebook關鍵意見領袖 > 蔡漢勳,6
Ptt > Boy-Girl,6
Ptt > FORMULA1,6
Ptt > Finance,6
Ptt > GetMarry,6
Ptt > Taipei,6
Ptt > e-shopping,6
Ptt > joke,6
Ptt > tax,6
Ptt > worldbasket,6
校園聊天-Dcard > 汽機車,6
Facebook公開社團 > ●【爆系知識家】●,5
Facebook公開社團 > 屏東人ㄟ新聞,5
Facebook粉絲團 > ELLE Taiwan,5
Facebook粉絲團 > PopDaily 波波黛莉的異想世界,5
Facebook粉絲團 > PopTour 波波打卡,5
Facebook粉絲團 > TVBS T觀點,5
Facebook粉絲團 > Trip+,5
Facebook粉絲團 > eNews 網路新聞快遞,5
Facebook粉絲團 > udnSTYLE,5
Facebook粉絲團 > 上曜建設,5
Facebook粉絲團 > 南投新聞,5
Facebook粉絲團 > 南投縣政府,5
Facebook粉絲團 > 台中市衛生局-健康小衛星,5
Facebook粉絲團 > 台灣空姐姍姍的旅遊和廣東話閒聊,5
Facebook粉絲團 > 四季線上4gtv,5
Facebook粉絲團 > 多維TW,5
Facebook粉絲團 > 大愛全球新聞,5
Facebook粉絲團 > 工頭堅。旅行長,5
Facebook粉絲團 > 愛旅行-PayEasy,5
Facebook粉絲團 > 數位時代,5
Facebook粉絲團 > 新假期JetSo,5
Facebook粉絲團 > 日本旅遊粉絲報,5
Facebook粉絲團 > 日本自遊易,5
Facebook粉絲團 > 桃園人,5
Facebook粉絲團 > 樂天市場 Rakuten Taiwan,5
Facebook粉絲團 > 每日健康 Health,5
Facebook粉絲團 > 無限期支持台灣獨立,5
Facebook粉絲團 > 苗栗健康加油站,5
Facebook粉絲團 > 西拉雅國家風景區管理處,5
Facebook粉絲團 > 記者 陳志忠 彰化報導,5
Facebook粉絲團 > 財訊,5
Facebook粉絲團 > 遠見雜誌,5
Facebook粉絲團 > 鍵盤大檸檬,5
Facebook粉絲團 > 陳素月SayYes,5
Facebook粉絲團 > 風傳媒看世界,5
Facebook粉絲團 > 食尚玩家,5
Ptt > Doctor-Info,5
Ptt > Lifeismoney,5
Ptt > MenTalk,5
Ptt > NCCU,5
Ptt > PublicIssue,5
Ptt > book,5
Ptt > hotspring,5
Ptt > studyabroad,5
Ptt > tabletennis,5
伊莉討論區 > 基金保險(時事經濟),5
校園聊天-Dcard > 成功大學,5
校園聊天-Dcard > 攝影,5
校園聊天-Dcard > 考試,5
校園聊天-Dcard > 高雄餐旅大學,5
Facebook公開社團 > ~~我愛鹿港小鎮~~,4
Facebook公開社團 > ●【爆廢公社公開版】●,4
Facebook公開社團 > 和美幫幫,4
Facebook公開社團 > 嘉義大小事,4
Facebook公開社團 > 嘉義市大小事,4
Facebook公開社團 > 媽媽快樂社團∼新手媽媽.育兒媽媽交流園地,4
Facebook公開社團 > 彰化縣民對魏縣長建言交流討論區,4
Facebook公開社團 > 有點毛毛的,4
Facebook公開社團 > 爆料公社公開版,4
Facebook公開社團 > 監督年金改革行動聯盟,4
Facebook公開社團 > 草屯人,4
Facebook公開社團 > 藍天柱力團,4
Facebook粉絲團 > Apple Daily - English Edition,4
Facebook粉絲團 > CMoney 理財寶,4
Facebook粉絲團 > FunTime旅遊比價,4
Facebook粉絲團 > FundDJ基智網,4
Facebook粉絲團 > IEObserve 國際經濟觀察,4
Facebook粉絲團 > Mobile01,4
Facebook粉絲團 > PopJapan 波波日本,4
Facebook粉絲團 > Q老師的營養教室-張佩蓉營養師,4
Facebook粉絲團 > Travel x Freedom 旅誌字遊,4
Facebook粉絲團 > WebTicket旅遊便利網,4
Facebook粉絲團 > i-Buzz網路口碑研究中心,4
Facebook粉絲團 > 中華民國行政院,4
Facebook粉絲團 > 來講兒科急診的543-吳昌騰醫師,4
Facebook粉絲團 > 健吾,4
Facebook粉絲團 > 健康世界,4
Facebook粉絲團 > 六都春秋,4
Facebook粉絲團 > 再發現。動感日月潭!,4
Facebook粉絲團 > 凱子凱?日本旅行大補帖,4
Facebook粉絲團 > 創業小聚 Meet Startup,4
Facebook粉絲團 > 台灣虎航,4
Facebook粉絲團 > 嘉義縣警察局,4
Facebook粉絲團 > 宜蘭新聞網,4
Facebook粉絲團 > 家福股份有限公司工會(家樂福工會),4
Facebook粉絲團 > 小叮噹科學主題樂園,4
Facebook粉絲團 > 快樂雲，旅行看世界。,4
Facebook粉絲團 > 愛 · 希望 公益日常,4
Facebook粉絲團 > 愛廉航,4
Facebook粉絲團 > 愛旅誌,4
Facebook粉絲團 > 我是台灣人,4
Facebook粉絲團 > 新知大耳朵,4
Facebook粉絲團 > 新飛遊學,4
Facebook粉絲團 > 李姓中壢選民,4
Facebook粉絲團 > 東森娛樂,4
Facebook粉絲團 > 樂吃購！日本,4
Facebook粉絲團 > 民主進步黨,4
Facebook粉絲團 > 民意論壇：聯合報。世界日報。udn tv,4
Facebook粉絲團 > 泰國粉絲大本營 Thailandfans Forum,4
Facebook粉絲團 > 無限期支持台灣文學、台灣文化研究,4
Facebook粉絲團 > 背包客棧,4
Facebook粉絲團 > 臺中市政府警察局第一分局,4
Facebook粉絲團 > 葉慶元律師（葉狀師）,4
Facebook粉絲團 > 蘋果爽報報,4
Facebook粉絲團 > 輕旅行,4
Facebook粉絲團 > 農傳媒,4
Facebook粉絲團 > 達人秀新聞,4
Facebook粉絲團 > 靠北X聯,4
Facebook粉絲團 > 高嘉瑜,4
Facebook關鍵意見領袖 > 陳素月,4
Ptt > AfterPhd,4
Ptt > DivingSport,4
Ptt > EAseries,4
Ptt > Hiking,4
Ptt > Hong_Kong,4
Ptt > HsinChuang,4
Ptt > HsinYi,4
Ptt > LinKou,4
Ptt > MuscleBeach,4
Ptt > Nurse,4
Ptt > Olympics_ISG,4
Ptt > Singapore,4
Ptt > Sodagreen,4
Ptt > TaichungCont,4
Ptt > Zhongzheng,4
Ptt > car,4
Ptt > creditcard,4
Ptt > forsale,4
Ptt > prozac,4
Ptt > regimen,4
Ptt > soul,4
捷克論壇 > 職場版,4
校園聊天-Dcard > 中正大學,4
校園聊天-Dcard > 中華大學,4
校園聊天-Dcard > 大型賽事,4
校園聊天-Dcard > 師範大學,4
校園聊天-Dcard > 美食,4
校園聊天-Dcard > 西斯,4
校園聊天-Dcard > 靜宜大學,4
Facebook公開社團 > 中興新村子弟兵,3
Facebook公開社團 > 台中大里在地人聊天室,3
Facebook公開社團 > 嘉義新鮮事,3
Facebook公開社團 > 嘉義新鮮大小事,3
Facebook公開社團 > 嘉義縣鹿草鄉,3
Facebook公開社團 > 新竹爆料公社,3
Facebook公開社團 > 瘋吱谷 Online,3
Facebook粉絲團 > 2020反蔡英文暴政聯盟,3
Facebook粉絲團 > Alina 愛琳娜 嗑美食瘋旅遊,3
Facebook粉絲團 > Anue鉅亨網財經新聞,3
Facebook粉絲團 > Beauty美人圈,3
Facebook粉絲團 > CareMedia 看健大健康,3
Facebook粉絲團 > Choyce寫育兒、旅行與生活,3
Facebook粉絲團 > Daphne 探索生活趣,3
Facebook粉絲團 > ETtoday筋斗雲,3
Facebook粉絲團 > Life健康新聞快遞,3
Facebook粉絲團 > Money錢,3
Facebook粉絲團 > NPA 署長室,3
Facebook粉絲團 > Now News - 新聞,3
Facebook粉絲團 > POP！微博,3
Facebook粉絲團 > Peach Aviation,3
Facebook粉絲團 > Q娜小姐愛旅行,3
Facebook粉絲團 > Regina Ip 葉劉淑儀,3
Facebook粉絲團 > World Journal 世界日報,3
Facebook粉絲團 > Yahoo奇摩運動,3
Facebook粉絲團 > avex taiwan,3
Facebook粉絲團 > 一人一讚 馬總統感恩有您 永遠支持您,3
Facebook粉絲團 > 中嘉新聞,3
Facebook粉絲團 > 今日刊新聞,3
Facebook粉絲團 > 凱擘 大彰化新聞,3
Facebook粉絲團 > 凱旋旅行社(巨匠旅遊),3
Facebook粉絲團 > 原住民族電視台 Taiwan Indigenous TV,3
Facebook粉絲團 > 台南玩樂棧,3
Facebook粉絲團 > 台灣媽媽聯盟,3
Facebook粉絲團 > 台灣航空福利社,3
Facebook粉絲團 > 台灣觀光粉絲團,3
Facebook粉絲團 > 台灣達人秀,3
Facebook粉絲團 > 吳秉叡,3
Facebook粉絲團 > 周永鴻,3
Facebook粉絲團 > 呷新聞,3
Facebook粉絲團 > 喜鴻假期 Best Tour,3
Facebook粉絲團 > 報導者 The Reporter,3
Facebook粉絲團 > 大家健康雜誌,3
Facebook粉絲團 > 媽咪拜-懷孕媽咪知識團,3
Facebook粉絲團 > 媽咪拜-親子教養交流團,3
Facebook粉絲團 > 媽媽寶寶－懷孕、生產、育兒,3
Facebook粉絲團 > 媽媽經,3
Facebook粉絲團 > 寶可孟的理財記事本,3
Facebook粉絲團 > 屏東點 Pingtung.,3
Facebook粉絲團 > 康泰旅行社 Hong Thai Travel,3
Facebook粉絲團 > 建設 服務 周勝考,3
Facebook粉絲團 > 張淵翔,3
Facebook粉絲團 > 張渝江,3
Facebook粉絲團 > 愛玩彰化,3
Facebook粉絲團 > 新北市議員鄭宇恩,3
Facebook粉絲團 > 新彰化新聞,3
Facebook粉絲團 > 旅人Carrie愛漫遊,3
Facebook粉絲團 > 李秀媛的綺麗世界,3
Facebook粉絲團 > 林楚茵,3
Facebook粉絲團 > 林育先,3
Facebook粉絲團 > 林靜儀醫師,3
Facebook粉絲團 > 桃園國際機場 Taoyuan International Airport,3
Facebook粉絲團 > 欣傳媒Xinmedia,3
Facebook粉絲團 > 欣旅遊 Bon Voyage,3
Facebook粉絲團 > 照護線上,3
Facebook粉絲團 > 空姐報報Emily Post,3
Facebook粉絲團 > 羅智強,3
Facebook粉絲團 > 美國在台協會 AIT,3
Facebook粉絲團 > 自由時報娛樂頻道,3
Facebook粉絲團 > 自由時報食譜自由配頻道,3
Facebook粉絲團 > 航空資訊站   最新考訊及航空動態,3
Facebook粉絲團 > 萬國戲院,3
Facebook粉絲團 > 蔡小妞依玲,3
Facebook粉絲團 > 蘆竹分局,3
Facebook粉絲團 > 許修睿,3
Facebook粉絲團 > 貝哥 照玩誌,3
Facebook粉絲團 > 賴峰偉,3
Facebook粉絲團 > 走走停停，教學旅行，旅行教學,3
Facebook粉絲團 > 越南台灣商會聯合總會青商會,3
Facebook粉絲團 > 郭于中,3
Facebook粉絲團 > 陳偉杰 Chen Wei-chieh,3
Facebook粉絲團 > 陳賢蔚,3
Facebook粉絲團 > 靠北長官3.0,3
Facebook粉絲團 > 馮云,3
Facebook粉絲團 > 高雄點 Kaohsiung.,3
Facebook粉絲團 > ＊熱血花小姐＊日本旅行筆記,3
Facebook關鍵意見領袖 > 溫朗東,3
Facebook關鍵意見領袖 > 王瑞德,3
Facebook關鍵意見領袖 > 蔡易餘,3
Facebook關鍵意見領袖 > 蔡玉真,3
Facebook關鍵意見領袖 > 顏明毅,3
Google 評論 > 易遊網旅行社台北總公司,3
Instagram > Allen 騰騰,3
Instagram > CTWANT,3
Instagram > TOPick新聞,3
Ptt > AdvEduUK,3
Ptt > BaseballXXXX,3
Ptt > BigPeitou,3
Ptt > BigShiLin,3
Ptt > CareerPlan,3
Ptt > China_travel,3
Ptt > Drama,3
Ptt > FTV,3
Ptt > Geography,3
Ptt > HBL,3
Ptt > LA,3
Ptt > Monkeys,3
Ptt > NSwitch,3
Ptt > PlayStation,3
Ptt > RailTimes,3
Ptt > RockMetal,3
Ptt > San-Ying,3
Ptt > Sijhih,3
Ptt > Steam,3
Ptt > TAXI,3
Ptt > VISA,3
Ptt > WorkanTravel,3
Ptt > Yunlin,3
Ptt > ask,3
Ptt > dog,3
Ptt > gay,3
Ptt > studyteacher,3
Ptt > swim,3
Yahoo!奇摩知識+ > 社會與文化_宗教信仰與靈性,3
伊莉討論區 > 日本/韓國(旅遊交流),3
伊莉討論區 > 股票討論(時事經濟),3
校園聊天-Dcard > 中原大學,3
校園聊天-Dcard > 中科大,3
校園聊天-Dcard > 健身,3
校園聊天-Dcard > 元智大學,3
校園聊天-Dcard > 文化大學,3
校園聊天-Dcard > 語言,3
校園聊天-Dcard > 輔仁大學,3
校園聊天-Dcard > 逢甲大學,3
校園聊天-Dcard > 音樂,3
Facebook公開社團 > 侯友宜 盧秀燕 韓國瑜 南菜販北神探中俠女後援會,2
Facebook公開社團 > 台灣 旅遊 美食秘境報報.,2
Facebook公開社團 > 后里幫,2
Facebook公開社團 > 嘉義事,2
Facebook公開社團 > 愛秀水說秀水,2
Facebook公開社團 > 溪湖鎮大小事,2
Facebook公開社團 > 田中社頭二水生活圈,2
Facebook公開社團 > 登山路況水源交通資訊交流小棧,2
Facebook公開社團 > 花蓮事件簿,2
Facebook公開社團 > 豐原幫,2
Facebook公開社團 > 貓咪也瘋狂俱樂部 CrazyCat club,2
Facebook公開社團 > 黑犬軍團,2
Facebook公開社團 > 龜山生活通,2
Facebook粉絲團 > 943就是省的超值好康分享團,2
Facebook粉絲團 > AirAsia,2
Facebook粉絲團 > BeautiMode創意生活風格網,2
Facebook粉絲團 > Bureau Francais de Taipei - 法國在台協會,2
Facebook粉絲團 > CMoney 投資誌,2
Facebook粉絲團 > Canadian Trade Office in Taipei  |  加拿大駐台北貿易辦事處   (CTOT),2
Facebook粉絲團 > Cathay Pacific,2
Facebook粉絲團 > Cheers：快樂工作人,2
Facebook粉絲團 > Club Med,2
Facebook粉絲團 > ET Fashion,2
Facebook粉絲團 > ETtoday餓勢力,2
Facebook粉絲團 > Emily艾米莉豬,2
Facebook粉絲團 > Expedia,2
Facebook粉絲團 > Feversocial 發燒互動,2
Facebook粉絲團 > FlyScoot,2
Facebook粉絲團 > Fun假趣旅行,2
Facebook粉絲團 > Fun心遊茂林（茂林國家風景區）,2
Facebook粉絲團 > Game休閒館,2
Facebook粉絲團 > Graceful,2
Facebook粉絲團 > Hong Kong Airlines Taiwan,2
Facebook粉絲團 > Initium Media 端傳媒,2
Facebook粉絲團 > Jade.啾比小姐,2
Facebook粉絲團 > LIFE 休閒Fun新聞,2
Facebook粉絲團 > LIFE 生活網,2
Facebook粉絲團 > Lin bay 好 油,2
Facebook粉絲團 > Logan D Beck 小貝,2
Facebook粉絲團 > Logezu 蘿橘子,2
"Facebook粉絲團 > MONTANA美國蒙大拿州-黃石,冰河國家公園的故鄉",2
Facebook粉絲團 > MY83 小資族聰明買保險,2
Facebook粉絲團 > Mark語錄,2
Facebook粉絲團 > Money101.com.tw,2
Facebook粉絲團 > Moneydj TV,2
Facebook粉絲團 > My Carmex,2
Facebook粉絲團 > PC home雜誌,2
Facebook粉絲團 > PChome 24h購物,2
Facebook粉絲團 > Pocket Money 口袋財經,2
Facebook粉絲團 > PopKimchi 波波泡菜日記,2
Facebook粉絲團 > QQmei,2
Facebook粉絲團 > SOGO 百貨新竹店,2
Facebook粉絲團 > SmartM 大大學院,2
Facebook粉絲團 > Sway房市觀測站,2
Facebook粉絲團 > TOKYO  U  （悠遊東京）,2
Facebook粉絲團 > Tourism Malaysia Taiwan/馬來西亞觀光局.台灣,2
Facebook粉絲團 > Vietjet,2
Facebook粉絲團 > Viviyu旅遊美食世界,2
Facebook粉絲團 > Yahoo奇摩超級商城,2
Facebook粉絲團 > Zoila,2
Facebook粉絲團 > ezTravel 易遊網,2
Facebook粉絲團 > 【Nga'ayho】你好，東海岸,2
Facebook粉絲團 > 【跟著小V吃喝玩樂】,2
Facebook粉絲團 > 三民補習班（三民輔考）,2
Facebook粉絲團 > 三立消失的國界set GO,2
Facebook粉絲團 > 上班被老闆罵，下班罵老闆！,2
Facebook粉絲團 > 不動產,2
Facebook粉絲團 > 不會韓文也可以去韓國,2
Facebook粉絲團 > 中山大同陳怡君,2
Facebook粉絲團 > 中華郵政 郵你真好,2
Facebook粉絲團 > 主播台下的小確幸。貝貝,2
Facebook粉絲團 > 九大職能星_職能測驗,2
Facebook粉絲團 > 人資同學會,2
Facebook粉絲團 > 以身嗜法。法國迷航的瞬間,2
Facebook粉絲團 > 侯友宜,2
Facebook粉絲團 > 候鳥旅遊網,2
Facebook粉絲團 > 健康遠見 - 對身體好！,2
Facebook粉絲團 > 全台夜市通,2
Facebook粉絲團 > 全民瘋網讚,2
Facebook粉絲團 > 公視台語台,2
Facebook粉絲團 > 冼義哲,2
Facebook粉絲團 > 劉仁照,2
Facebook粉絲團 > 劉育志,2
Facebook粉絲團 > 加利利旅遊,2
Facebook粉絲團 > 勇闖大鵬灣幸福小琉球,2
Facebook粉絲團 > 動網 DONG,2
Facebook粉絲團 > 半島秘境,2
Facebook粉絲團 > 台北吃喝玩樂讚,2
Facebook粉絲團 > 台北松山機場 Taipei Songshan Airport,2
Facebook粉絲團 > 台南新芽,2
Facebook粉絲團 > 台南旅遊,2
Facebook粉絲團 > 台灣基層護理產業工會,2
Facebook粉絲團 > 台灣愛滋病學會,2
Facebook粉絲團 > 台灣旅行趣,2
Facebook粉絲團 > 台灣護師醫療產業工會-簡稱護師工會,2
Facebook粉絲團 > 台灣阿童─童仲彥,2
Facebook粉絲團 > 台糖尖山埤江南渡假村 Jianshanpi Jiangnan Resort,2
Facebook粉絲團 > 台視 綜藝3國智,2
Facebook粉絲團 > 吳韋達 彰化縣議員,2
Facebook粉絲團 > 咪咪愛運動 Mimi sparkle,2
Facebook粉絲團 > 哈日杏子,2
Facebook粉絲團 > 員林人俱樂部,2
Facebook粉絲團 > 員林人好事多,2
Facebook粉絲團 > 單身關愛社,2
Facebook粉絲團 > 單車誌,2
Facebook粉絲團 > 嘉義縣政府教育處,2
Facebook粉絲團 > 嘉義縣農會,2
Facebook粉絲團 > 噗舞食遊記,2
Facebook粉絲團 > 國軍桃園總醫院,2
Facebook粉絲團 > 地球圖輯隊 情報總部,2
Facebook粉絲團 > 城邦國際名表 iwatchome,2
Facebook粉絲團 > 基金市場大觀園,2
Facebook粉絲團 > 基隆市政府社會處,2
Facebook粉絲團 > 壹起娛樂,2
Facebook粉絲團 > 壹週刊3c科技之明日生活,2
Facebook粉絲團 > 大台中生活圈,2
Facebook粉絲團 > 大愛電視 DaAi TV,2
Facebook粉絲團 > 天下讀者俱樂部,2
Facebook粉絲團 > 嬰兒與母親 懷孕生產育兒情報,2
Facebook粉絲團 > 宜蘭縣總工會暨附設職業訓練中心,2
Facebook粉絲團 > 寵愛婊子sexy bitch . By 琁,2
Facebook粉絲團 > 寶兒 遊樂園,2
Facebook粉絲團 > 小不點看世界•Paine吃玩世界旅遊趣,2
Facebook粉絲團 > 小安心,2
Facebook粉絲團 > 小熊&胖丁,2
Facebook粉絲團 > 小芝芝?美食?遊樂?小天地,2
Facebook粉絲團 > 小護士薇琪兒,2
Facebook粉絲團 > 小資。旅行。享生活。,2
Facebook粉絲團 > 尼泊爾達人Ruby,2
Facebook粉絲團 > 屏東新聞 PT News,2
Facebook粉絲團 > 巨大旅遊 G.Tour,2
Facebook粉絲團 > 巨群國際專利商標法律事務所,2
Facebook粉絲團 > 希遊記 Silvia the traveler,2
Facebook粉絲團 > 張嘉哲（南投縣議員）,2
Facebook粉絲團 > 張耀中,2
Facebook粉絲團 > 彩繪旅遊,2
Facebook粉絲團 > 快門下的幸福,2
Facebook粉絲團 > 愛信任-劉世芳,2
Facebook粉絲團 > 我是台中人,2
Facebook粉絲團 > 我是台南人,2
Facebook粉絲團 > 我是桃園人,2
Facebook粉絲團 > 搶救急診室,2
Facebook粉絲團 > 播吧,2
Facebook粉絲團 > 故事：寫給所有人的歷史,2
Facebook粉絲團 > 新北市議員 鍾宏仁,2
Facebook粉絲團 > 新安東京海上產險,2
Facebook粉絲團 > 旅來網 日本在地深度旅遊,2
Facebook粉絲團 > 日本旅人塾 Japan Tabi,2
Facebook粉絲團 > 明潮 M'INT,2
Facebook粉絲團 > 時刻旅行 TripMoment,2
Facebook粉絲團 > 普魯士藍,2
Facebook粉絲團 > 有錢人想的都一樣,2
Facebook粉絲團 > 朱成志的華山論劍,2
Facebook粉絲團 > 李坤城,2
Facebook粉絲團 > 林俊逸 Sean,2
Facebook粉絲團 > 林子盟 Lin Tzumeng,2
Facebook粉絲團 > 林宣 Xuan Lin,2
Facebook粉絲團 > 林米尼mini,2
Facebook粉絲團 > 林銘仁 新北市議員,2
Facebook粉絲團 > 林黑潮醫師-潮代診所黑減重術,2
Facebook粉絲團 > 柴犬大學 SHIBA UNIVERSITY,2
Facebook粉絲團 > 桃園市議長邱奕勝,2
Facebook粉絲團 > 欣飛行 XinAir,2
Facebook粉絲團 > 歐洲觀點 Europinions,2
Facebook粉絲團 > 永豐期貨洪慈憶。Violet的金融生活,2
Facebook粉絲團 > 河岸留言,2
Facebook粉絲團 > 法操FOLLAW,2
Facebook粉絲團 > 洪孟楷,2
Facebook粉絲團 > 海巡署長室 Coast Guard,2
Facebook粉絲團 > 淡水資訊網,2
Facebook粉絲團 > 漁業廣播電臺,2
Facebook粉絲團 > 潘孟安,2
Facebook粉絲團 > 濟州輕鬆遊 JEJU EZGO,2
Facebook粉絲團 > 焦點事件,2
Facebook粉絲團 > 爆肝護士的玩樂記事,2
Facebook粉絲團 > 獨漏新聞,2
Facebook粉絲團 > 王伯達觀點,2
Facebook粉絲團 > 玩轉韓國-????,2
Facebook粉絲團 > 現代保險健康＋理財雜誌RMi,2
Facebook粉絲團 > 理財周刊,2
Facebook粉絲團 > 生活好事多,2
Facebook粉絲團 > 用鏡頭和世界交朋友,2
Facebook粉絲團 > 硬是要學,2
Facebook粉絲團 > 管碧玲 (kuanbiling),2
Facebook粉絲團 > 經驗/無可取代 陳建銘,2
Facebook粉絲團 > 緯來電影台 近期強檔,2
Facebook粉絲團 > 羅文好公民,2
Facebook粉絲團 > 美食王,2
Facebook粉絲團 > 老天鵝娛樂,2
Facebook粉絲團 > 老澳客愛碎念 ∥ 關於旅行,2
Facebook粉絲團 > 股市觀測站,2
Facebook粉絲團 > 臉書交友站,2
Facebook粉絲團 > 臉書交朋友,2
Facebook粉絲團 > 臉書大爆料,2
Facebook粉絲團 > 臉書大飯店,2
Facebook粉絲團 > 臉書小理財,2
Facebook粉絲團 > 臉書時尚站,2
Facebook粉絲團 > 臉書模特兒,2
Facebook粉絲團 > 臉書消費王,2
Facebook粉絲團 > 臉書玩手機,2
Facebook粉絲團 > 臉書生活家,2
Facebook粉絲團 > 臉書直播王,2
Facebook粉絲團 > 臉書知識站,2
Facebook粉絲團 > 臉書養生社,2
Facebook粉絲團 > 臘腸小短腿_奶油小帥哥,2
Facebook粉絲團 > 自由時報汽車頻道,2
Facebook粉絲團 > 臺南 TODAY,2
Facebook粉絲團 > 臺灣電視台,2
Facebook粉絲團 > 花嫁,2
Facebook粉絲團 > 花蓮縣政府,2
Facebook粉絲團 > 范琪斐的美國時間,2
Facebook粉絲團 > 萊佳形象美學診所 - Le Jade Aesthetic Clinic,2
Facebook粉絲團 > 蔡阿嘎,2
Facebook粉絲團 > 蔣絜安 靚台妹,2
Facebook粉絲團 > 藍凱元,2
Facebook粉絲團 > 蘇怡寧醫師愛碎念,2
Facebook粉絲團 > 蘋果仁,2
Facebook粉絲團 > 褚春來,2
Facebook粉絲團 > 親子王國 Baby-Kingdom.com,2
Facebook粉絲團 > 設計發浪Designsurfing,2
Facebook粉絲團 > 誌麟姊姊  私藏北海道,2
Facebook粉絲團 > 警察消防人員加油,2
Facebook粉絲團 > 谷溜谷溜 幸福飲品.天然果醬 Guliu Guliu,2
Facebook粉絲團 > 財經新報,2
Facebook粉絲團 > 超人氣粉絲團聯盟,2
Facebook粉絲團 > 躍動金門-楊鎮浯,2
Facebook粉絲團 > 這樣變型男,2
Facebook粉絲團 > 進食的巨鼠 Giant Mouse 吃喝玩樂小天地,2
Facebook粉絲團 > 郭台銘,2
Facebook粉絲團 > 郭國文,2
Facebook粉絲團 > 醫勞盟,2
Facebook粉絲團 > 金山汪汪地瓜園,2
Facebook粉絲團 > 鈦美旅行社 TM Travel,2
Facebook粉絲團 > 鏡娛樂,2
Facebook粉絲團 > 鏡漫遊,2
Facebook粉絲團 > 關島旅遊,2
Facebook粉絲團 > 陳慈慧  基層優先 專業認真,2
Facebook粉絲團 > 陳菊(花媽),2
Facebook粉絲團 > 陳銘風攬ㄟ冰友,2
Facebook粉絲團 > 雞排妹ili鄭家純,2
Facebook粉絲團 > 雪兒 Cher,2
Facebook粉絲團 > 青天白日正義力量,2
Facebook粉絲團 > 青年日報,2
Facebook粉絲團 > 靜思語,2
Facebook粉絲團 > 靠北全家,2
Facebook粉絲團 > 靠北惡質幼兒園,2
Facebook粉絲團 > 馬祖愛趴GO,2
Facebook粉絲團 > 高思博 A Po,2
Facebook粉絲團 > 高雄市議員鄭孟洳,2
Facebook粉絲團 > 高雄旅遊網,2
Facebook粉絲團 > 高雄英文學習標的-徐婕老師,2
Facebook粉絲團 > 魯明哲,2
Facebook粉絲團 > 黃敬平,2
Facebook粉絲團 > 黃暐瀚,2
Facebook粉絲團 > 黃瑽寧醫師健康講堂,2
Facebook粉絲團 > 黃紹庭,2
Facebook粉絲團 > 黑色島國中年陣線,2
"Facebook粉絲團 > 黛西優齁齁 A Travel Mania, 旅行狂",2
Facebook關鍵意見領袖 > Adrianna Tseng,2
Facebook關鍵意見領袖 > Dani Chang,2
Facebook關鍵意見領袖 > 劉建民,2
Facebook關鍵意見領袖 > 周玉蔻,2
Facebook關鍵意見領袖 > 張耀中,2
Facebook關鍵意見領袖 > 慕蓉,2
Facebook關鍵意見領袖 > 李全興 （Bestguy）,2
Facebook關鍵意見領袖 > 李明哲（Bruce Lee）,2
Facebook關鍵意見領袖 > 林大鈞,2
Facebook關鍵意見領袖 > 楊雅?,2
Facebook關鍵意見領袖 > 董森堡,2
Facebook關鍵意見領袖 > 蔣絜安,2
Facebook關鍵意見領袖 > 謝金河,2
Facebook關鍵意見領袖 > 邱俊憲（大頭）,2
Facebook關鍵意見領袖 > 邱志偉,2
Google 評論 > 可樂旅遊 中壢分公司,2
Instagram > Annyeong LJ ?? ???,2
Instagram > 侯友宜,2
Instagram > 孟,2
Instagram > 蘇貞昌,2
Ptt > Alluvial,2
Ptt > Anti-Cancer,2
Ptt > Aromatherapy,2
Ptt > Asia,2
Ptt > BTS,2
Ptt > BanG_Dream,2
Ptt > BigBanciao,2
Ptt > CAFENCAKE,2
Ptt > CNBLUE,2
Ptt > CVS,2
Ptt > Capricornus,2
Ptt > Disney,2
Ptt > Divorce,2
Ptt > DummyHistory,2
Ptt > EatToDie,2
Ptt > Examination,2
Ptt > Fund,2
Ptt > Germany,2
Ptt > Hearthstone,2
Ptt > HyunBin,2
Ptt > IELTS,2
Ptt > IdolMaster,2
Ptt > Immigration,2
Ptt > J-PopStation,2
Ptt > Japan_Living,2
Ptt > JimmyLin,2
Ptt > Jinmen,2
Ptt > Korea,2
Ptt > KoreaStudy,2
Ptt > LGBT_SEX,2
Ptt > Lakers,2
Ptt > Language,2
Ptt > London,2
Ptt > MLB,2
Ptt > Malaysia,2
Ptt > Mongolia,2
Ptt > Moto_GP,2
Ptt > Nangang,2
Ptt > Neihu,2
Ptt > NewAge,2
Ptt > Nogizaka46,2
Ptt > Oracles,2
Ptt > Phd,2
Ptt > PokemonGO,2
Ptt > Poker,2
Ptt > PttLifeLaw,2
Ptt > Refresh,2
Ptt > SHINee,2
Ptt > Shu-Lin,2
Ptt > Spain,2
Ptt > SuperBike,2
Ptt > TWopera,2
Ptt > TamShui,2
Ptt > Theater,2
Ptt > bi-sexual,2
Ptt > clmusic,2
Ptt > dreams-wish,2
Ptt > elephants,2
Ptt > hair_loss,2
Ptt > lol,2
Ptt > nmsmusic,2
Ptt > optical,2
Ptt > toberich,2
伊莉討論區 > PS3 / PlayStation3(TV GAME),2
伊莉討論區 > 有趣新聞(時事經濟),2
伊莉討論區 > 環境保護問題探討(時事經濟),2
伊莉討論區 > 金融財經、投資交流(時事經濟),2
卡提諾王國 > 居家,2
卡提諾王國 > 美食推薦,2
卡提諾王國 > 電影,2
捷克論壇 > 流行趨勢,2
捷克論壇 > 閒聊版,2
校園聊天-Dcard > 中央大學,2
校園聊天-Dcard > 中興大學,2
校園聊天-Dcard > 勤益科大,2
校園聊天-Dcard > 北科大,2
校園聊天-Dcard > 南華大學,2
校園聊天-Dcard > 大仁科大,2
校園聊天-Dcard > 實踐大學,2
校園聊天-Dcard > 屏東大學,2
校園聊天-Dcard > 崑山科大,2
校園聊天-Dcard > 文藻外語大學,2
校園聊天-Dcard > 東海大學,2
校園聊天-Dcard > 清華大學,2
校園聊天-Dcard > 理財,2
校園聊天-Dcard > 穿搭,2
校園聊天-Dcard > 致理科技大學,2
校園聊天-Dcard > 追星,2
校園聊天-Dcard > 金融,2
校園聊天-Dcard > 靈異,2
校園聊天-Dcard > 高雄第一科大,2
"Facebook公開社團 > Sanhsia, Taiwan 三峽區",1
Facebook公開社團 > iBeta 愛北大,1
Facebook公開社團 > 中寮人,1
Facebook公開社團 > 中華民國全國公務人員協會,1
Facebook公開社團 > 加拿大-溫哥華-遊學-留學-旅遊-移民,1
Facebook公開社團 > 台灣政治觀察團,1
Facebook公開社團 > 台灣新聞記者聯盟&爆料平台,1
Facebook公開社團 > 大人的時計,1
"Facebook公開社團 > 大數據AI與數位決策(Big Data, AI, & Digital Decisions)",1
Facebook公開社團 > 宜蘭知識+,1
Facebook公開社團 > 彰化五四三,1
Facebook公開社團 > 彰化人大小事,1
Facebook公開社團 > 我愛伸港,1
Facebook公開社團 > 我是北斗人,1
Facebook公開社團 > 房子賠售就是爽,1
Facebook公開社團 > 新思惟之友 (InnovaRad: Radiating Innovations),1
Facebook公開社團 > 日本在留生活互助【日本台?人?】,1
Facebook公開社團 > 柯文哲粉絲後援會,1
Facebook公開社團 > 桃園在地生活大小事,1
Facebook公開社團 > 桃園市新聞記者公會,1
Facebook公開社團 > 玲玲文創與金融財經學院,1
Facebook公開社團 > 瑞芳大小事,1
Facebook公開社團 > 腳踏車(愛車SHOW),1
Facebook公開社團 > 自助旅行背包客Taiwan Backpackers Group(T.B.G.),1
Facebook公開社團 > 記憶八德,1
Facebook公開社團 > 警察之友會,1
Facebook公開社團 > 道地鶯歌人,1
Facebook公開社團 > 郭台銘成吉思汗鐵衛營,1
Facebook公開社團 > 阮厝住三芝,1
Facebook粉絲團 > 104人力銀行,1
Facebook粉絲團 > 104職涯社群,1
Facebook粉絲團 > 169機票小站,1
Facebook粉絲團 > 17LIVE,1
Facebook粉絲團 > 4Gamers,1
Facebook粉絲團 > AIA,1
Facebook粉絲團 > All About Japan 日本旅遊大小事,1
Facebook粉絲團 > Allianz 安聯人壽,1
Facebook粉絲團 > Andy老爹,1
Facebook粉絲團 > Asia Miles 亞洲萬里通,1
Facebook粉絲團 > BabyHome寶貝家庭親子網,1
Facebook粉絲團 > Bella.tw儂儂,1
Facebook粉絲團 > Bevis,1
Facebook粉絲團 > Brenda  30玩美,1
Facebook粉絲團 > Burges 油頭叔叔,1
Facebook粉絲團 > Buzzbooklet 趣聞播不累,1
Facebook粉絲團 > Cherng,1
Facebook粉絲團 > Corin 不羈優雅,1
Facebook粉絲團 > DJ Erin,1
Facebook粉絲團 > Dannis & Amy - 魯蛋妹&大腸弟吃喝玩樂過生活,1
Facebook粉絲團 > Deseno 笛森諾亞洲旅遊精品,1
Facebook粉絲團 > Doris's fashion diary,1
Facebook粉絲團 > Dr. 賴奕菁 精神科的故事 at 福田診所,1
Facebook粉絲團 > ET Play新聞,1
Facebook粉絲團 > Elsevier醫學資訊站,1
Facebook粉絲團 > GTV世界第一等,1
Facebook粉絲團 > HSBC Taiwan,1
Facebook粉絲團 > Have Fun Car - 全球包車自由行 X Have Fun Cruise - 台灣包船自由行,1
Facebook粉絲團 > Heho健康,1
Facebook粉絲團 > Hi Korea,1
Facebook粉絲團 > Hotels.com,1
Facebook粉絲團 > IC 之音 FM97.5,1
Facebook粉絲團 > ITF 台北國際旅展,1
Facebook粉絲團 > Inside 硬塞的網路趨勢觀察,1
Facebook粉絲團 > It's 菇兔 Dream,1
Facebook粉絲團 > J 爸的生活不全記錄（Life of J PA）,1
Facebook粉絲團 > Jessica潔西卡,1
Facebook粉絲團 > Jin Air,1
Facebook粉絲團 > Joe's investment,1
Facebook粉絲團 > Justice Ink 正義刺青,1
Facebook粉絲團 > KKday,1
Facebook粉絲團 > Kane-Photo 肯尼 拍、旅、食,1
Facebook粉絲團 > Kiki 的家,1
Facebook粉絲團 > Kimberly的熱血人生,1
Facebook粉絲團 > Lasko,1
Facebook粉絲團 > Lifestyle Journal 優雅生活,1
Facebook粉絲團 > Mary Kay  Taiwan  玫琳凱 台灣分公司,1
Facebook粉絲團 > Mimi韓的幸福小天地。,1
Facebook粉絲團 > MissAnita 御姊愛 （徐豫）,1
Facebook粉絲團 > M觀點,1
Facebook粉絲團 > Neighbors - 法國人在台灣,1
Facebook粉絲團 > News金探號,1
Facebook粉絲團 > Nonstop Flying-航空旅行誌,1
Facebook粉絲團 > PH Shop- 天然系專家,1
Facebook粉絲團 > PLAY Hotel,1
Facebook粉絲團 > POYA 寶雅,1
Facebook粉絲團 > PanSci 科學新聞網,1
Facebook粉絲團 > PeoPo公民新聞,1
Facebook粉絲團 > Rei醬?大阪遊園地,1
Facebook粉絲團 > SALE 特賣會情報,1
Facebook粉絲團 > SAP Taiwan,1
Facebook粉絲團 > SD 韓美鞋,1
Facebook粉絲團 > SUPERMOTO8,1
Facebook粉絲團 > Sense,1
Facebook粉絲團 > Shareba 奇聞軼事新聞雲,1
Facebook粉絲團 > Skyscanner,1
"Facebook粉絲團 > Sofa Story, 旅行講堂",1
Facebook粉絲團 > Spring Airlines Taiwan 春秋航空台灣,1
Facebook粉絲團 > Squly,1
Facebook粉絲團 > Starnic星采醫美保養品,1
Facebook粉絲團 > Susan的食旅札記,1
Facebook粉絲團 > TRAVELER luxe 旅人誌,1
Facebook粉絲團 > TVBS 國民大會,1
Facebook粉絲團 > Taiwan Tour Bus 台灣觀巴,1
Facebook粉絲團 > Terry Chung,1
Facebook粉絲團 > Tiss玩味食尚,1
Facebook粉絲團 > TopGear TW 極速誌,1
Facebook粉絲團 > UKEAS,1
Facebook粉絲團 > Uho優活健康網,1
Facebook粉絲團 > VOGUE Taiwan,1
Facebook粉絲團 > ViVi吃喝玩樂,1
Facebook粉絲團 > Wisely的拍拍照寫寫字,1
Facebook粉絲團 > Woo.oh,1
Facebook粉絲團 > WorkFace Taipei,1
Facebook粉絲團 > Yahoo奇摩汽車機車,1
Facebook粉絲團 > Z9 的看板,1
Facebook粉絲團 > ZEKKEI Japan,1
Facebook粉絲團 > amarylliss。艾瑪[隨處走走],1
Facebook粉絲團 > eTV星聞網,1
Facebook粉絲團 > iCook 愛料理,1
Facebook粉絲團 > iThome,1
Facebook粉絲團 > metropop,1
Facebook粉絲團 > udn 瘋運動,1
Facebook粉絲團 > udn發燒車訊,1
Facebook粉絲團 > 。熊喵。美食分享,1
Facebook粉絲團 > 一分之一工作室,1
Facebook粉絲團 > 三小二鳥的幸福生活,1
Facebook粉絲團 > 三民二分局波麗士,1
Facebook粉絲團 > 三餘書店 TaKaoBooks,1
Facebook粉絲團 > 下一秒我最紅,1
Facebook粉絲團 > 世邦旅遊,1
Facebook粉絲團 > 中小企業法律新訊粉絲團,1
Facebook粉絲團 > 亞洲電台 FM92.7,1
Facebook粉絲團 > 交通部,1
Facebook粉絲團 > 亮亮女神angela愛美俱樂部,1
Facebook粉絲團 > 何志偉,1
Facebook粉絲團 > 佳音Love聯播網,1
Facebook粉絲團 > 保險業務員沒告訴你的事,1
Facebook粉絲團 > 假日農夫愛趴趴照,1
Facebook粉絲團 > 停班停課最新通知 Taiwan Alerts,1
Facebook粉絲團 > 健康第一讚,1
Facebook粉絲團 > 健康醫療網,1
Facebook粉絲團 > 元大人壽愛心讚,1
Facebook粉絲團 > 先探投資週刊,1
Facebook粉絲團 > 內政部,1
Facebook粉絲團 > 兩岸頭條,1
Facebook粉絲團 > 公路總局：公路人,1
Facebook粉絲團 > 刑事法筆記 Criminal Law Notes,1
Facebook粉絲團 > 創業圓夢 Start-up Hub,1
Facebook粉絲團 > 劇評可以毒舌，待人必要親和。,1
Facebook粉絲團 > 劉啟帆,1
Facebook粉絲團 > 劉方慈 Crystal Liu,1
Facebook粉絲團 > 劉櫂豪,1
Facebook粉絲團 > 加小菲愛碎碎唸,1
Facebook粉絲團 > 北台灣。旅行趣,1
Facebook粉絲團 > 北海道旅遊聯盟 taj,1
Facebook粉絲團 > 南山，南得好靠山,1
Facebook粉絲團 > 博幼基金會,1
Facebook粉絲團 > 卡卡洛普★宅宅新聞,1
Facebook粉絲團 > 即時新聞通,1
Facebook粉絲團 > 厭世工程師,1
Facebook粉絲團 > 台中。媽咪 Talk 趣,1
Facebook粉絲團 > 台中就是這麼讚,1
Facebook粉絲團 > 台中美食地圖,1
Facebook粉絲團 > 台北。媽咪Talk趣,1
Facebook粉絲團 > 台北旅遊網,1
Facebook粉絲團 > 台德戀x 悍女背包客勇闖天下 Travel couple explores the world,1
Facebook粉絲團 > 台灣中油,1
Facebook粉絲團 > 台灣人壽讚,1
Facebook粉絲團 > 台灣基進,1
Facebook粉絲團 > 台灣廉價航空 網路即時頻道,1
Facebook粉絲團 > 台灣紅絲帶基金會官方粉絲專頁,1
Facebook粉絲團 > 台灣美食旅遊任我行,1
Facebook粉絲團 > 台灣行道樹,1
Facebook粉絲團 > 名為變態的神父,1
"Facebook粉絲團 > 吳敦義 Wu, Den-Yih",1
Facebook粉絲團 > 吳青穎Sonia,1
Facebook粉絲團 > 呂林小鳳粉絲團,1
Facebook粉絲團 > 咖啡糖賢齡,1
Facebook粉絲團 > 啵啵家族,1
Facebook粉絲團 > 善化分局,1
Facebook粉絲團 > 善耕365公益媒合平台,1
Facebook粉絲團 > 喔熊 OhBear,1
Facebook粉絲團 > 喬海娜 Johanna,1
Facebook粉絲團 > 四方報 4-Way News,1
Facebook粉絲團 > 國家政策研究基金會,1
Facebook粉絲團 > 國立科學工藝博物館 National Science and Technology Museum,1
Facebook粉絲團 > 國立臺北大學National Taipei University,1
Facebook粉絲團 > 國軍高雄總醫院左營分院,1
Facebook粉絲團 > 在台灣的故事,1
Facebook粉絲團 > 地政in苗栗,1
Facebook粉絲團 > 基督教論壇報,1
Facebook粉絲團 > 基金黑武士,1
Facebook粉絲團 > 基隆夜市,1
Facebook粉絲團 > 壹週刊名人圈之花邊教主,1
Facebook粉絲團 > 夢想之家教育基金會,1
Facebook粉絲團 > 大阪?民宿,1
Facebook粉絲團 > 大阪?京都?神?　自由行,1
Facebook粉絲團 > 太魯閣國家公園,1
Facebook粉絲團 > 女人迷 womany,1
Facebook粉絲團 > 妮可魯的飛行日記,1
Facebook粉絲團 > 妮娜之不負責任分享大會 feat. Japan,1
Facebook粉絲團 > 姆姆躲貓貓,1
Facebook粉絲團 > 姐夫的理財心事,1
Facebook粉絲團 > 姚侑廷的自學筆記,1
Facebook粉絲團 > 姜梅紅,1
Facebook粉絲團 > 娛樂星聞,1
Facebook粉絲團 > 婷玩味生活,1
Facebook粉絲團 > 媽咪拜-新手爸媽勸敗團,1
Facebook粉絲團 > 子犬,1
Facebook粉絲團 > 宅女小紅,1
Facebook粉絲團 > 守望家園．改變金門－董森堡,1
Facebook粉絲團 > 安得烈慈善協會,1
Facebook粉絲團 > 安永鮮物,1
Facebook粉絲團 > 富邦人壽是怎young,1
Facebook粉絲團 > 小丁婦幼嬰兒用品專門店 - 新手爸媽首購第一站,1
Facebook粉絲團 > 小優,1
Facebook粉絲團 > 小勞男孩向前行,1
Facebook粉絲團 > 小瑜兒愛旅行也愛美食,1
Facebook粉絲團 > 小羽毛日本生活,1
Facebook粉絲團 > 小聖蚊的治國日記,1
Facebook粉絲團 > 小護士,1
Facebook粉絲團 > 小資Renee的省錢之道,1
Facebook粉絲團 > 小魚廣告網,1
Facebook粉絲團 > 就愛去旅行粉絲團,1
Facebook粉絲團 > 巴黎不打烊,1
Facebook粉絲團 > 布萊N 機票達人,1
Facebook粉絲團 > 布雷克-出走旅行視界,1
Facebook粉絲團 > 帕帕珍 PaPa Jane,1
Facebook粉絲團 > 廢物媽媽育兒日記,1
Facebook粉絲團 > 張之豪,1
Facebook粉絲團 > 張斯綱-綱好在乎你,1
Facebook粉絲團 > 張益豪醫師/張益豪耳鼻喉專科診所,1
Facebook粉絲團 > 張秀華粉絲團,1
Facebook粉絲團 > 張維中。東京模樣,1
Facebook粉絲團 > 張耿輝,1
Facebook粉絲團 > 張雅琴主播,1
Facebook粉絲團 > 張麗善,1
Facebook粉絲團 > 張齡予,1
Facebook粉絲團 > 彩券頭家Lottery.TwBoss.tw,1
Facebook粉絲團 > 彭博商業周刊 / 中文版,1
Facebook粉絲團 > 彰化。媽咪 Talk 趣,1
Facebook粉絲團 > 彰化縣議員 楊竣程,1
Facebook粉絲團 > 徐巧芯,1
Facebook粉絲團 > 微笑台灣319鄉+,1
Facebook粉絲團 > 志祺七七,1
Facebook粉絲團 > 惇安法律事務所 Lexcel Partners,1
Facebook粉絲團 > 想想論壇 Thinking Taiwan Forum,1
Facebook粉絲團 > 愛+好醫生,1
Facebook粉絲團 > 愛台客-Iset,1
Facebook粉絲團 > 愛吃鬼芸芸,1
Facebook粉絲團 > 愛在昆明,1
Facebook粉絲團 > 愛妮雅化妝品,1
Facebook粉絲團 > 愛料理生活誌,1
Facebook粉絲團 > 愛滋權促會,1
Facebook粉絲團 > 愛爾達綜合台,1
Facebook粉絲團 > 慶澤旅遊 時尚.品味.奢華,1
Facebook粉絲團 > 成大學生會,1
Facebook粉絲團 > 我在前往韓國旅遊的路上,1
Facebook粉絲團 > 我就是那個曬得黑黑的台灣女生Eva郭,1
Facebook粉絲團 > 我是台北人,1
Facebook粉絲團 > 我是基隆人,1
Facebook粉絲團 > 我是新竹人,1
Facebook粉絲團 > 我是新聞人 葉映彤,1
Facebook粉絲團 > 我是澎湖人,1
Facebook粉絲團 > 我是竹北人,1
Facebook粉絲團 > 我的新北市,1
Facebook粉絲團 > 戴動台北 戴錫欽,1
Facebook粉絲團 > 房業涵Mena,1
Facebook粉絲團 > 打英悍將粉絲團,1
Facebook粉絲團 > 打馬悍將粉絲團,1
Facebook粉絲團 > 換日線 Crossing,1
Facebook粉絲團 > 教育家部落格,1
Facebook粉絲團 > 教育電台聲動全世界- 國立教育廣播電臺,1
Facebook粉絲團 > 新北市文化局,1
Facebook粉絲團 > 新北市議員~賴秋媚,1
Facebook粉絲團 > 新北市議員曾煥嘉,1
Facebook粉絲團 > 新北消防發爾麵,1
Facebook粉絲團 > 新竹市政府勞工處,1
Facebook粉絲團 > 新竹縣小英之友會,1
Facebook粉絲團 > 新竹縣政府警察局,1
Facebook粉絲團 > 新聞挖挖哇粉絲團,1
Facebook粉絲團 > 新鮮人找工作情報團,1
Facebook粉絲團 > 新鮮美食網,1
Facebook粉絲團 > 方格子 vocus,1
Facebook粉絲團 > 旅中國,1
Facebook粉絲團 > 旅知網,1
Facebook粉絲團 > 旅行應援團之一起出發吧,1
Facebook粉絲團 > 旅行，說走就走,1
Facebook粉絲團 > 旅遊小編的碎碎念日記,1
Facebook粉絲團 > 旗山天后宮,1
Facebook粉絲團 > 日本九州圈,1
Facebook粉絲團 > 日本打工度假就職專家,1
Facebook粉絲團 > 日本滑雪好友營,1
Facebook粉絲團 > 星座好朋友,1
Facebook粉絲團 > 星座百科,1
Facebook粉絲團 > 時報出版,1
Facebook粉絲團 > 時雨?町-日文學習園地,1
Facebook粉絲團 > 有錢人這麼想,1
Facebook粉絲團 > 本格現場案發日誌 X 高雄美食旅遊,1
Facebook粉絲團 > 朱學琲漯宅萬事通事務所,1
Facebook粉絲團 > 朱立倫,1
Facebook粉絲團 > 朱芯儀,1
Facebook粉絲團 > 李妍慧 Yen Hui Lee,1
Facebook粉絲團 > 李忠孝,1
Facebook粉絲團 > 李昆澤,1
Facebook粉絲團 > 李阿思浪跡天涯小筆記 - 英國闖蕩日記,1
Facebook粉絲團 > 李雪雯的健康財富百寶箱,1
Facebook粉絲團 > 杜小比愛購物,1
Facebook粉絲團 > 板橋警聲雲,1
Facebook粉絲團 > 林俊憲,1
Facebook粉絲團 > 林姿妙,1
Facebook粉絲團 > 林威志　會做事,1
Facebook粉絲團 > 林婕麗,1
Facebook粉絲團 > 林宜瑾,1
Facebook粉絲團 > 林良吉 DJ Lin,1
Facebook粉絲團 > 柴郡貓 CheshireCat,1
Facebook粉絲團 > 桃園事,1
Facebook粉絲團 > 桃園市政府地政局,1
Facebook粉絲團 > 桃園市政府文化局,1
Facebook粉絲團 > 桃園市議員李柏坊,1
Facebook粉絲團 > 桃園市議員郭麗華,1
Facebook粉絲團 > 楠哥哥,1
Facebook粉絲團 > 樂活一族 生活情報站,1
Facebook粉絲團 > 樂遊桃園,1
Facebook粉絲團 > 樂高雄,1
Facebook粉絲團 > 歌林 kolin,1
Facebook粉絲團 > 歐洲教育展 European Education Fair Taiwan,1
Facebook粉絲團 > 歐雅旅遊,1
Facebook粉絲團 > 正派 蔡明堂,1
Facebook粉絲團 > 步步日本,1
Facebook粉絲團 > 民報之聲,1
Facebook粉絲團 > 民視娛樂,1
Facebook粉絲團 > 江肇國,1
Facebook粉絲團 > 沿著菊島旅行-澎湖資訊網,1
Facebook粉絲團 > 法律白話文運動 Plain Law Movement,1
Facebook粉絲團 > 洛基小聿媽ｘ黃金獵犬吳洛基,1
Facebook粉絲團 > 洪若珊,1
Facebook粉絲團 > 海外客家網,1
Facebook粉絲團 > 游輝?,1
Facebook粉絲團 > 漸覺 Lung,1
Facebook粉絲團 > 澎湖陳慧玲,1
Facebook粉絲團 > 焦糖 陳嘉行 Brother Caramel,1
Facebook粉絲團 > 營養師愛碎念-孫語霙營養師,1
Facebook粉絲團 > 爆料公社,1
Facebook粉絲團 > 爆料海巡,1
Facebook粉絲團 > 牙醫 張智洋 醫師 Dr David Chang,1
Facebook粉絲團 > 王以路Lu,1
Facebook粉絲團 > 王嘉琳,1
Facebook粉絲團 > 王孝維,1
Facebook粉絲團 > 玩轉芋圓 旅遊手札,1
Facebook粉絲團 > 甄莉（甄心承意亞洲俱樂部）,1
Facebook粉絲團 > 生活投資 & 投資生活,1
Facebook粉絲團 > 當我們同在一起 同志健康中心,1
Facebook粉絲團 > 痞客邦,1
Facebook粉絲團 > 癮中壢〔In ChungLi〕,1
Facebook粉絲團 > 白色正義聯盟,1
Facebook粉絲團 > 白袍旅人-兒科楊為傑醫師,1
Facebook粉絲團 > 百靈油粉絲團,1
Facebook粉絲團 > 盲旅BlindTour,1
Facebook粉絲團 > 精品航空StarLux粉絲團,1
Facebook粉絲團 > 精實空服地勤培訓班與精實美語,1
Facebook粉絲團 > 經濟部工業局,1
Facebook粉絲團 > 綠豆嘉義人,1
Facebook粉絲團 > 維格醫美,1
Facebook粉絲團 > 總監文摘 Director's Digest,1
Facebook粉絲團 > 美股漫談,1
Facebook粉絲團 > 美英Online,1
Facebook粉絲團 > 美麗佳人 Marie Claire Taiwan,1
Facebook粉絲團 > 翔笙旅遊-璀璨逍遙遊,1
Facebook粉絲團 > 聚財網,1
Facebook粉絲團 > 肉魯 走遍全台灣環遊全世界,1
Facebook粉絲團 > 臺南市政府警察局,1
Facebook粉絲團 > 臺南市政府警察局 - 少年警察隊,1
Facebook粉絲團 > 臺東縣衛生局,1
Facebook粉絲團 > 臺東縣警察局關山分局,1
Facebook粉絲團 > 臺灣港務股份有限公司,1
Facebook粉絲團 > 臺灣社會工作專業人員協會 TASW,1
Facebook粉絲團 > 苗栗好青年-勞工及青年服務讚,1
Facebook粉絲團 > 苗栗縣動物保護防疫所,1
Facebook粉絲團 > 苗栗縣政府消防局,1
Facebook粉絲團 > 莊競程 有志者是競程,1
Facebook粉絲團 > 華友旅行,1
Facebook粉絲團 > 華爾街日報中文版 The Wall Street Journal,1
Facebook粉絲團 > 華視主播－連珮貝,1
Facebook粉絲團 > 董智森粉絲團,1
Facebook粉絲團 > 蔡依橙的閱讀筆記,1
Facebook粉絲團 > 蔡尚樺,1
Facebook粉絲團 > 蔡明劼醫師 健康。瘦身,1
Facebook粉絲團 > 蔡柏璋 Pao-Chang Tsai,1
Facebook粉絲團 > 蔡正元,1
Facebook粉絲團 > 蔡英文 Tsai Ing-wen,1
Facebook粉絲團 > 蕭勝文醫師,1
Facebook粉絲團 > 藍色力量,1
Facebook粉絲團 > 蘇松泙的不蝕本臉書團,1
Facebook粉絲團 > 蘇育德,1
Facebook粉絲團 > 螞蟻幫的美食旅行,1
Facebook粉絲團 > 行政院雲嘉南區聯合服務中心,1
"Facebook粉絲團 > 許傑,旅行圖中",1
Facebook粉絲團 > 許淑華,1
Facebook粉絲團 > 詹乃蓁Janet-Z,1
Facebook粉絲團 > 講不聽,1
Facebook粉絲團 > 謝寶幸福窩-藝文親子活動,1
Facebook粉絲團 > 謝立聖插畫,1
Facebook粉絲團 > 謝金河 投資理財,1
Facebook粉絲團 > 謝金河-數字台灣,1
Facebook粉絲團 > 警光新聞雲,1
Facebook粉絲團 > 護守桃花源,1
"Facebook粉絲團 > 護理人護理魂-hi,I'm CC",1
Facebook粉絲團 > 護理立委 陳靜敏,1
Facebook粉絲團 > 貓眼狗腿人腦袋,1
Facebook粉絲團 > 貝恩 來自天然呵護肌膚最自然,1
Facebook粉絲團 > 貝爾達日韓范特西 - BearDa fantasy,1
Facebook粉絲團 > 財經108問,1
Facebook粉絲團 > 赫徠森國際企業有限公司,1
Facebook粉絲團 > 農業易遊網FunClub,1
Facebook粉絲團 > 農藝女孩看世界,1
Facebook粉絲團 > 遛小人樂園 - 最懂小人心的旅遊平台,1
Facebook粉絲團 > 遠東百貨板橋中山店,1
Facebook粉絲團 > 邱正宏醫師,1
Facebook粉絲團 > 邱莉莉,1
Facebook粉絲團 > 郝龍斌,1
Facebook粉絲團 > 鄭宏輝,1
Facebook粉絲團 > 鄭文燦,1
Facebook粉絲團 > 醫護非視不可,1
Facebook粉絲團 > 采昌國際多媒體,1
Facebook粉絲團 > 采醫,1
Facebook粉絲團 > 金寶電台,1
Facebook粉絲團 > 金瑞龍 粉絲團,1
Facebook粉絲團 > 金馬影展 TGHFF,1
Facebook粉絲團 > 鍾佳濱,1
Facebook粉絲團 > 長榮桂冠酒店(台中),1
Facebook粉絲團 > 阿千看世界 Kenki,1
Facebook粉絲團 > 陳亭妃,1
Facebook粉絲團 > 陳建仁 Chen Chien-Jen,1
Facebook粉絲團 > 陳思宇,1
Facebook粉絲團 > 陳慶齡 聆聽需要+用心服務,1
Facebook粉絲團 > 陳曼麗 Chen Manli,1
Facebook粉絲團 > 陳歐珀,1
Facebook粉絲團 > 陳永德．松山信義,1
Facebook粉絲團 > 陳玉珍 珍愛金門,1
Facebook粉絲團 > 陳福海,1
Facebook粉絲團 > 陳紀衡,1
Facebook粉絲團 > 陳綠?人生奇幻旅程,1
Facebook粉絲團 > 陳鴻禧議員,1
Facebook粉絲團 > 陶傑 Channel,1
Facebook粉絲團 > 陸正希,1
Facebook粉絲團 > 雲林縣警察局臺西分局粉絲新頁,1
Facebook粉絲團 > 霹靂布袋戲,1
Facebook粉絲團 > 靠北中興,1
Facebook粉絲團 > 靠北輔大 Cow Bei FJU,1
Facebook粉絲團 > 韓事通,1
Facebook粉絲團 > 韓劇粉,1
Facebook粉絲團 > 韓國媳婦凱莉之料理女王,1
Facebook粉絲團 > 顏若芳,1
Facebook粉絲團 > 風傳媒觀點,1
Facebook粉絲團 > 風塵萬里 旅人手札,1
Facebook粉絲團 > 首爾就該這樣慢慢玩,1
Facebook粉絲團 > 馬拉松 看世界 /Run the World,1
Facebook粉絲團 > 馬祖卡蹓趣,1
Facebook粉絲團 > 高雄國際機場  Kaohsiung International Airport,1
Facebook粉絲團 > 高雄市議會副議長陸淑美,1
Facebook粉絲團 > 高雄歹過日,1
Facebook粉絲團 > 魏明谷,1
Facebook粉絲團 > 鮮週報,1
Facebook粉絲團 > 鳳凰谷鳥園生態園區,1
Facebook粉絲團 > 黃傅淑香,1
Facebook粉絲團 > 黃家齊：年輕世代，做事實在。,1
Facebook粉絲團 > 黃捷 高雄市議員,1
Facebook粉絲團 > 黃欽勇,1
Facebook關鍵意見領袖 > Jerry Chang,1
Facebook關鍵意見領袖 > Jieh-Jiuh Wang,1
Facebook關鍵意見領袖 > Savungaz Valincinan,1
Facebook關鍵意見領袖 > YuanPu Chiao?(焦元溥)?,1
Facebook關鍵意見領袖 > 何子凡,1
Facebook關鍵意見領袖 > 余信憲,1
Facebook關鍵意見領袖 > 劉敬文(妖西),1
Facebook關鍵意見領袖 > 吳珊珊,1
Facebook關鍵意見領袖 > 呂秋遠,1
Facebook關鍵意見領袖 > 周奕成,1
Facebook關鍵意見領袖 > 姜梅紅（Chiang Mei-Hong）,1
Facebook關鍵意見領袖 > 張鐵志,1
Facebook關鍵意見領袖 > 朱學恆,1
Facebook關鍵意見領袖 > 杜奕瑾,1
Facebook關鍵意見領袖 > 林俐玲,1
Facebook關鍵意見領袖 > 楊斯棓,1
Facebook關鍵意見領袖 > 溫金龍,1
Facebook關鍵意見領袖 > 王鑫基,1
Facebook關鍵意見領袖 > 莊瑞雄,1
Facebook關鍵意見領袖 > 蔡志浩 （蔡志浩）,1
Facebook關鍵意見領袖 > 蔡玉玲,1
Facebook關鍵意見領袖 > 袁永興,1
Facebook關鍵意見領袖 > 賴榮孝,1
Facebook關鍵意見領袖 > 陳子瑜,1
Facebook關鍵意見領袖 > 陳怡君,1
Facebook關鍵意見領袖 > 陳曼麗,1
Facebook關鍵意見領袖 > 陳白爛,1
Facebook關鍵意見領袖 > 馬世芳,1
Facebook關鍵意見領袖 > 黃大祐,1
Facebook關鍵意見領袖 > 黃婷筠,1
Google 評論 > 可樂旅遊 台北總公司,1
Google 評論 > 易遊網旅行社-高雄分公司,1
Google 評論 > 野柳地質公園,1
Google 評論 > 雄獅旅遊 台北東湖門市,1
Google 評論 > 雄獅旅遊 新北三峽門市,1
Google 評論 > 雄獅旅遊 新竹光復門市,1
Google 評論 > 雄獅旅遊 花蓮門市,1
Instagram > 2bau 兔包,1
Instagram > Amanda Huang,1
Instagram > Chelsea Bei,1
Instagram > Cool-Style 潮流生活網,1
Instagram > Dingdong Lee,1
Instagram > Doris's fashion diary,1
Instagram > Dr.Korea韓國專業演藝培訓中心,1
Instagram > Hanhan Hsu,1
Instagram > Hannah敗家愛旅行,1
Instagram > Johanna Yang,1
Instagram > Journey hand in hand,1
Instagram > KolasYotaka,1
Instagram > Ligo S.,1
Instagram > MiSo Yo,1
Instagram > Nina Lee,1
Instagram > Roj,1
Instagram > SaSa. Fingerlicking 台北 台中 美食,1
Instagram > Tomo?生活手記,1
Instagram > Zoe王小凡,1
Instagram > cherngyang,1
Instagram > 中時電子報,1
Instagram > 主持人小優yoyo,1
Instagram > 吳欣潔,1
Instagram > 咪咪愛運動 Mimi Sparkle,1
Instagram > 小貝,1
Instagram > 帕帕珍,1
Instagram > 張賢,1
Instagram > 曾煥嘉,1
Instagram > 杰司,1
Instagram > 林佳龍,1
Instagram > 柴語錄,1
Instagram > 桃園人,1
Instagram > 群英整形醫美|CHICING Plastic Surgery,1
Instagram > 胖達熊,1
Instagram > 艾波,1
Instagram > 莓姬貝利 • 食事旅行,1
Instagram > 莫莉,1
Instagram > 蔡宜軒,1
Instagram > 蔡英文,1
Instagram > 蔡裕雯,1
Instagram > 許家蓓HsuChia-pei,1
Instagram > 許麻瓜,1
Instagram > 貝滋小姐,1
Instagram > 趙揚,1
Instagram > 輕旅行,1
Instagram > 阿呆比,1
Instagram > 阿心,1
Instagram > 陳炳甫 - 台北市議員,1
Instagram > 陸正希,1
Instagram > 電獺少女,1
Instagram > 鴨子?食後感,1
Instagram > 黃敬平,1
Instagram > 黎絲佳,1
Ptt > AKB48,1
Ptt > AaronKwok,1
Ptt > Africa,1
Ptt > Anchors,1
Ptt > Arashi,1
Ptt > Artistic-Pho,1
Ptt > Asexual,1
Ptt > BB-Love,1
Ptt > Bank_Service,1
Ptt > BeautySalon,1
Ptt > Belgium,1
Ptt > Bioindustry,1
Ptt > Brand,1
Ptt > CCRomance,1
Ptt > CFP,1
Ptt > CFantasy,1
Ptt > Calcio,1
Ptt > Canada,1
Ptt > Chelsea,1
Ptt > Chinese,1
Ptt > ChineseTeach,1
Ptt > ChungLi,1
Ptt > ClassicMusic,1
Ptt > Comic,1
Ptt > Contacts,1
Ptt > DigiCurrency,1
Ptt > DistantLove,1
Ptt > Djokovic,1
Ptt > FAN-FAN,1
Ptt > FishShrimp,1
Ptt > FongShan,1
Ptt > ForeignEX,1
Ptt > GMAT,1
Ptt > GRE,1
Ptt > Gemini,1
Ptt > Gov_owned,1
Ptt > Guardians,1
Ptt > Hip-Hop,1
Ptt > KMT,1
Ptt > KanColle,1
Ptt > KangDaniel,1
Ptt > Keanu,1
Ptt > KoreaDrama,1
Ptt > Kyoto_Ani,1
Ptt > LatinAmerica,1
Ptt > Liverpool,1
Ptt > Lottery,1
Ptt > MOD,1
Ptt > MakeUp,1
Ptt > Marxism,1
Ptt > Matsu,1
Ptt > Military,1
Ptt > Navy,1
Ptt > NetRumor,1
Ptt > Nightmarket,1
Ptt > Oversea_Job,1
Ptt > PC_shopping,1
Ptt > PH-sea,1
Ptt > Pharmacy,1
Ptt > Post,1
Ptt > Ptt-Charity,1
Ptt > RedSox,1
Ptt > Road,1
Ptt > SMSlife,1
Ptt > SW_Job,1
Ptt > San-X,1
Ptt > ScenicPhoto,1
Ptt > Softball,1
Ptt > SoniaSui,1
Ptt > StudyGroup,1
Ptt > Suckcomic,1
Ptt > TaiwanDrama,1
Ptt > Tanya,1
Ptt > True-Escape,1
Ptt > TuCheng,1
Ptt > VR,1
Ptt > Video,1
Ptt > YoungDotx3,1
Ptt > biker,1
Ptt > boxoffice,1
Ptt > camping,1
Ptt > car-pool,1
Ptt > equal_change,1
Ptt > historia,1
Ptt > japanavgirls,1
Ptt > kochikame,1
Ptt > l976,1
Ptt > marriage,1
Ptt > outdoorgear,1
Ptt > part-time,1
Ptt > peianyang,1
Ptt > transgender,1
伊莉討論區 > 中國/澳門/台灣(旅遊交流),1
伊莉討論區 > 企業家管理交流(時事經濟),1
卡提諾王國 > 動漫,1
校園聊天-Dcard > 中央警察大學,1
校園聊天-Dcard > 中山大學,1
校園聊天-Dcard > 亞洲大學,1
校園聊天-Dcard > 交通大學,1
校園聊天-Dcard > 交通運輸,1
校園聊天-Dcard > 台南應用科大,1
校園聊天-Dcard > 嘉南藥理大學,1
校園聊天-Dcard > 國立澎湖科技大學,1
校園聊天-Dcard > 國立高雄科技大學,1
校園聊天-Dcard > 實習職缺,1
校園聊天-Dcard > 寵物,1
校園聊天-Dcard > 居家生活,1
校園聊天-Dcard > 屏科大,1
校園聊天-Dcard > 弘光科技大學,1
校園聊天-Dcard > 慈濟大學,1
校園聊天-Dcard > 政治大學,1
校園聊天-Dcard > 新生醫護管理專科學校,1
校園聊天-Dcard > 明志科大,1
校園聊天-Dcard > 明新科技大學,1
校園聊天-Dcard > 東吳大學,1
校園聊天-Dcard > 樹人醫護管理專科學校,1
校園聊天-Dcard > 海洋大學,1
校園聊天-Dcard > 災害回報,1
校園聊天-Dcard > 省錢,1
校園聊天-Dcard > 臺北市立大學,1
校園聊天-Dcard > 臺北醫學大學,1
校園聊天-Dcard > 臺灣大學,1
校園聊天-Dcard > 華梵大學,1
校園聊天-Dcard > 課程,1
校園聊天-Dcard > 遊戲,1
校園聊天-Dcard > 金門大學,1
校園聊天-Dcard > 銘傳大學,1
校園聊天-Dcard > 長榮大學,1
校園聊天-Dcard > 高雄,1
